{"assets/images/avatars/Bear.png":["assets/images/avatars/Bear.png"],"assets/images/avatars/Camel.png":["assets/images/avatars/Camel.png"],"packages/cupertino_icons/assets/CupertinoIcons.ttf":["packages/cupertino_icons/assets/CupertinoIcons.ttf"],"assets/images/avatars/Fox.png":["assets/images/avatars/Fox.png"],"assets/images/avatars/Giraff.png":["assets/images/avatars/Giraff.png"],"assets/fonts/Lato-Black.ttf":["assets/fonts/Lato-Black.ttf"],"assets/fonts/Lato-Bold.ttf":["assets/fonts/Lato-Bold.ttf"],"assets/fonts/Lato-Light.ttf":["assets/fonts/Lato-Light.ttf"],"assets/fonts/Lato-Regular.ttf":["assets/fonts/Lato-Regular.ttf"],"assets/fonts/Lato-Thin.ttf":["assets/fonts/Lato-Thin.ttf"],"assets/images/avatars/Monkey.png":["assets/images/avatars/Monkey.png"],"assets/fonts/OpenSansEmoji.ttf":["assets/fonts/OpenSansEmoji.ttf"],"assets/fonts/Quicksand-Bold.ttf":["assets/fonts/Quicksand-Bold.ttf"],"assets/fonts/Quicksand-Light.ttf":["assets/fonts/Quicksand-Light.ttf"],"assets/fonts/Quicksand-Medium.ttf":["assets/fonts/Quicksand-Medium.ttf"],"assets/fonts/Quicksand-Regular.ttf":["assets/fonts/Quicksand-Regular.ttf"],"assets/fonts/Quicksand-SemiBold.ttf":["assets/fonts/Quicksand-SemiBold.ttf"],"assets/images/avatars/Tiger.png":["assets/images/avatars/Tiger.png"],"assets/images/avatars/avatar_bg0.png":["assets/images/avatars/avatar_bg0.png"],"assets/images/avatars/avatar_bg1.png":["assets/images/avatars/avatar_bg1.png"],"assets/images/avatars/avatar_bg2.png":["assets/images/avatars/avatar_bg2.png"],"assets/images/avatars/avatar_bg3.png":["assets/images/avatars/avatar_bg3.png"],"assets/images/avatars/avatar_bg4.png":["assets/images/avatars/avatar_bg4.png"],"assets/images/avatars/avatar_bg5.png":["assets/images/avatars/avatar_bg5.png"],"assets/images/avatars/avatar_bg6.png":["assets/images/avatars/avatar_bg6.png"],"assets/images/avatars/avatar_bg7.png":["assets/images/avatars/avatar_bg7.png"],"assets/images/avatars/avatar_bg8.png":["assets/images/avatars/avatar_bg8.png"],"assets/images/avatars/avatar_fg0.png":["assets/images/avatars/avatar_fg0.png"],"assets/images/avatars/avatar_fg1.png":["assets/images/avatars/avatar_fg1.png"],"assets/images/avatars/avatar_fg2.png":["assets/images/avatars/avatar_fg2.png"],"assets/images/avatars/avatar_fg3.png":["assets/images/avatars/avatar_fg3.png"],"assets/images/avatars/avatar_fg4.png":["assets/images/avatars/avatar_fg4.png"],"assets/images/avatars/avatar_fg5.png":["assets/images/avatars/avatar_fg5.png"],"assets/images/birds/bird-flamingo.png":["assets/images/birds/bird-flamingo.png"],"assets/images/birds/bird-hummingbird.png":["assets/images/birds/bird-hummingbird.png"],"assets/images/birds/bird-owl.png":["assets/images/birds/bird-owl.png"],"assets/images/birds/bird-parrot.png":["assets/images/birds/bird-parrot.png"],"assets/images/birds/bird-peacock.png":["assets/images/birds/bird-peacock.png"],"assets/images/birds/bird-pelican.png":["assets/images/birds/bird-pelican.png"],"assets/images/birds/bird-penguin.png":["assets/images/birds/bird-penguin.png"],"assets/images/birds/bird-swan.png":["assets/images/birds/bird-swan.png"],"assets/images/birds/bird-toucan.png":["assets/images/birds/bird-toucan.png"],"assets/images/birds/bird-woodpecker.png":["assets/images/birds/bird-woodpecker.png"],"assets/images/empty-dashboard-favorites@2x.png":["assets/images/empty-dashboard-favorites@2x.png"],"assets/images/empty-dashboard-github@2x.png":["assets/images/empty-dashboard-github@2x.png"],"assets/images/empty-dashboard-recentActive@2x.png":["assets/images/empty-dashboard-recentActive@2x.png"],"assets/images/empty-dashboard-twitter@2x.png":["assets/images/empty-dashboard-twitter@2x.png"],"assets/images/empty-noresult-bg@2x.png":["assets/images/empty-noresult-bg@2x.png"],"assets/images/empty-noresult-owl@2x.png":["assets/images/empty-noresult-owl@2x.png"],"assets/images/flokk-app-logo.png":["assets/images/flokk-app-logo.png"],"assets/images/flokk-logo.png":["assets/images/flokk-logo.png"],"assets/images/flokk-logo.svg":["assets/images/flokk-logo.svg"],"assets/images/google-signin.png":["assets/images/google-signin.png"],"assets/icons/icon-add.png":["assets/icons/icon-add.png","assets/icons/2.0x/icon-add.png"],"assets/icons/icon-address.png":["assets/icons/icon-address.png","assets/icons/2.0x/icon-address.png"],"assets/icons/icon-birthday.png":["assets/icons/icon-birthday.png","assets/icons/2.0x/icon-birthday.png"],"assets/icons/icon-calendar.png":["assets/icons/icon-calendar.png","assets/icons/2.0x/icon-calendar.png"],"assets/icons/icon-checkbox-partial.png":["assets/icons/icon-checkbox-partial.png","assets/icons/2.0x/icon-checkbox-partial.png"],"assets/icons/icon-checkbox-selected.png":["assets/icons/icon-checkbox-selected.png","assets/icons/2.0x/icon-checkbox-selected.png"],"assets/icons/icon-close-large.png":["assets/icons/icon-close-large.png","assets/icons/2.0x/icon-close-large.png"],"assets/icons/icon-copy.png":["assets/icons/icon-copy.png","assets/icons/2.0x/icon-copy.png"],"assets/icons/icon-darkmode.png":["assets/icons/icon-darkmode.png","assets/icons/2.0x/icon-darkmode.png"],"assets/icons/icon-dashboard.png":["assets/icons/icon-dashboard.png","assets/icons/2.0x/icon-dashboard.png"],"assets/icons/icon-dropdown-close.png":["assets/icons/icon-dropdown-close.png","assets/icons/2.0x/icon-dropdown-close.png"],"assets/icons/icon-dropdown-open.png":["assets/icons/icon-dropdown-open.png","assets/icons/2.0x/icon-dropdown-open.png"],"assets/icons/icon-edit.png":["assets/icons/icon-edit.png","assets/icons/2.0x/icon-edit.png"],"assets/icons/icon-form-add.png":["assets/icons/icon-form-add.png","assets/icons/2.0x/icon-form-add.png"],"assets/icons/icon-form-addlabel.png":["assets/icons/icon-form-addlabel.png","assets/icons/2.0x/icon-form-addlabel.png"],"assets/icons/icon-form-delete.png":["assets/icons/icon-form-delete.png","assets/icons/2.0x/icon-form-delete.png"],"assets/icons/icon-github-active.png":["assets/icons/icon-github-active.png","assets/icons/2.0x/icon-github-active.png"],"assets/icons/icon-github-empty.png":["assets/icons/icon-github-empty.png","assets/icons/2.0x/icon-github-empty.png"],"assets/icons/icon-label.png":["assets/icons/icon-label.png","assets/icons/2.0x/icon-label.png"],"assets/icons/icon-lightmode.png":["assets/icons/icon-lightmode.png","assets/icons/2.0x/icon-lightmode.png"],"assets/icons/icon-link.png":["assets/icons/icon-link.png","assets/icons/2.0x/icon-link.png"],"assets/icons/icon-linkout.png":["assets/icons/icon-linkout.png","assets/icons/2.0x/icon-linkout.png"],"assets/icons/icon-mail.png":["assets/icons/icon-mail.png","assets/icons/2.0x/icon-mail.png"],"assets/icons/icon-next.png":["assets/icons/icon-next.png","assets/icons/2.0x/icon-next.png"],"assets/icons/icon-note.png":["assets/icons/icon-note.png","assets/icons/2.0x/icon-note.png"],"assets/icons/icon-phone.png":["assets/icons/icon-phone.png","assets/icons/2.0x/icon-phone.png"],"assets/icons/icon-previous.png":["assets/icons/icon-previous.png","assets/icons/2.0x/icon-previous.png"],"assets/icons/icon-refresh.png":["assets/icons/icon-refresh.png","assets/icons/2.0x/icon-refresh.png"],"assets/icons/icon-relationship.png":["assets/icons/icon-relationship.png","assets/icons/2.0x/icon-relationship.png"],"assets/icons/icon-save.png":["assets/icons/icon-save.png","assets/icons/2.0x/icon-save.png"],"assets/icons/icon-search.png":["assets/icons/icon-search.png","assets/icons/2.0x/icon-search.png"],"assets/icons/icon-setting.png":["assets/icons/icon-setting.png","assets/icons/2.0x/icon-setting.png"],"assets/icons/icon-signout.png":["assets/icons/icon-signout.png","assets/icons/2.0x/icon-signout.png"],"assets/icons/icon-social-fork.png":["assets/icons/icon-social-fork.png","assets/icons/2.0x/icon-social-fork.png"],"assets/icons/icon-social-like.png":["assets/icons/icon-social-like.png","assets/icons/2.0x/icon-social-like.png"],"assets/icons/icon-social-retweet.png":["assets/icons/icon-social-retweet.png","assets/icons/2.0x/icon-social-retweet.png"],"assets/icons/icon-social-star.png":["assets/icons/icon-social-star.png","assets/icons/2.0x/icon-social-star.png"],"assets/icons/icon-star-empty.png":["assets/icons/icon-star-empty.png","assets/icons/2.0x/icon-star-empty.png"],"assets/icons/icon-star-filled.png":["assets/icons/icon-star-filled.png","assets/icons/2.0x/icon-star-filled.png"],"assets/icons/icon-trash.png":["assets/icons/icon-trash.png","assets/icons/2.0x/icon-trash.png"],"assets/icons/icon-twitter-active.png":["assets/icons/icon-twitter-active.png","assets/icons/2.0x/icon-twitter-active.png"],"assets/icons/icon-twitter-empty.png":["assets/icons/icon-twitter-empty.png","assets/icons/2.0x/icon-twitter-empty.png"],"assets/icons/icon-user.png":["assets/icons/icon-user.png","assets/icons/2.0x/icon-user.png"],"assets/icons/icon-work.png":["assets/icons/icon-work.png","assets/icons/2.0x/icon-work.png"],"assets/images/onboarding-bg.png":["assets/images/onboarding-bg.png"],"assets/images/onboarding-birds.png":["assets/images/onboarding-birds.png"],"assets/images/onboarding-clouds.png":["assets/images/onboarding-clouds.png"],"assets/images/sidebar-bg.png":["assets/images/sidebar-bg.png"],"assets/images/sidebar-logo.png":["assets/images/sidebar-logo.png"]}