[{"family":"MaterialIcons","fonts":[{"asset":"fonts/MaterialIcons-Regular.otf"}]},{"family":"Quicksand","fonts":[{"weight":200,"asset":"assets/fonts/Quicksand-Light.ttf"},{"weight":400,"asset":"assets/fonts/Quicksand-Regular.ttf"},{"weight":500,"asset":"assets/fonts/Quicksand-SemiBold.ttf"},{"weight":600,"asset":"assets/fonts/Quicksand-Medium.ttf"},{"weight":700,"asset":"assets/fonts/Quicksand-Bold.ttf"}]},{"family":"Lato","fonts":[{"weight":200,"asset":"assets/fonts/Lato-Thin.ttf"},{"weight":300,"asset":"assets/fonts/Lato-Light.ttf"},{"weight":400,"asset":"assets/fonts/Lato-Regular.ttf"},{"weight":700,"asset":"assets/fonts/Lato-Bold.ttf"},{"weight":800,"asset":"assets/fonts/Lato-Black.ttf"}]},{"family":"OpenSansEmoji","fonts":[{"asset":"assets/fonts/OpenSansEmoji.ttf"}]},{"family":"packages/cupertino_icons/CupertinoIcons","fonts":[{"asset":"packages/cupertino_icons/assets/CupertinoIcons.ttf"}]}]